"res_id","Co_evolution","Phenotype"
3,0.307507209493611,"Cancer"
5,0.271554087625337,"Cancer"
5,0.271554087625337,"Cancer"
6,0.185937044106038,"Cancer"
6,0.185937044106038,"Cancer"
6,0.185937044106038,"Cancer"
7,0.49920311638583,"Cancer"
8,0.443709191845408,"Cancer"
10,0.100711553821814,"Cancer"
10,0.100711553821814,"Cancer"
10,0.100711553821814,"Cancer"
10,0.100711553821814,"Cancer"
11,0.261224919022682,"Cancer"
11,0.261224919022682,"Cancer"
13,0.227609333780027,"Cancer"
13,0.227609333780027,"Cancer"
14,0.343374647387274,"Cancer"
14,0.343374647387274,"Cancer"
15,0.0719030606188784,"Cancer"
16,0.177772529257174,"Cancer"
17,0.501976187216111,"Cancer"
19,0.296091444174627,"Cancer"
19,0.296091444174627,"Cancer"
20,0.257370850567205,"Cancer"
20,0.257370850567205,"Cancer"
21,0.15640887511878,"Cancer"
24,0.0666463304501739,"Cancer"
24,0.0666463304501739,"Cancer"
24,0.0666463304501739,"Cancer"
25,0.0719030606188784,"Cancer"
27,0.114319141257295,"Cancer"
27,0.114319141257295,"Cancer"
27,0.114319141257295,"Cancer"
28,0.104706587183186,"Cancer"
28,0.104706587183186,"Cancer"
30,0.289116912127069,"Cancer"
30,0.289116912127069,"Cancer"
31,0.334345267202106,"Cancer"
32,0.230737547256489,"Cancer"
33,0.152121646824031,"Cancer"
34,0.0868108421618723,"Cancer"
34,0.0868108421618723,"Cancer"
34,0.0868108421618723,"Cancer"
35,0.0829207579057504,"Cancer"
35,0.0829207579057504,"Cancer"
35,0.0829207579057504,"Cancer"
36,0.0829207579057504,"Cancer"
37,0.231803726782484,"Cancer"
38,0.0752162932045908,"Cancer"
39,0.189514520791657,"Cancer"
39,0.189514520791657,"Cancer"
41,0.416500175468759,"Cancer"
43,0.0545510716666315,"Cancer"
43,0.0545510716666315,"Cancer"
45,0.321951482817871,"Cancer"
46,0.140285309742675,"Cancer"
46,0.140285309742675,"Cancer"
47,0.0829207579057504,"Cancer"
47,0.0829207579057504,"Cancer"
48,0.0545510716666315,"Cancer"
48,0.0545510716666315,"Cancer"
49,0.475624915941583,"Cancer"
50,0.268903501829529,"Cancer"
52,0.253829806701487,"Cancer"
53,0.0950217064796389,"Cancer"
53,0.0950217064796389,"Cancer"
54,0.435737449624018,"Cancer"
55,0.258385406205201,"Cancer"
55,0.258385406205201,"Cancer"
55,0.258385406205201,"Cancer"
55,0.258385406205201,"Cancer"
57,0.198916901550497,"Cancer"
59,0.543164869091754,"Cancer"
60,0.342753700237291,"Cancer"
61,0.0741105536386862,"Cancer"
61,0.0741105536386862,"Cancer"
62,0.402129174938301,"Cancer"
62,0.402129174938301,"Cancer"
62,0.402129174938301,"Cancer"
63,0.390255576804156,"Cancer"
63,0.390255576804156,"Cancer"
65,0.0741105536386862,"Cancer"
65,0.0741105536386862,"Cancer"
66,0.235277029741769,"Cancer"
66,0.235277029741769,"Cancer"
66,0.235277029741769,"Cancer"
66,0.235277029741769,"Cancer"
67,0.177442809048366,"Cancer"
67,0.177442809048366,"Cancer"
67,0.177442809048366,"Cancer"
69,0.0741105536386862,"Cancer"
69,0.0741105536386862,"Cancer"
70,0.0741105536386862,"Cancer"
70,0.0741105536386862,"Cancer"
70,0.0741105536386862,"Cancer"
70,0.0741105536386862,"Cancer"
71,0.0504927748538736,"Cancer"
72,0.387623153385366,"Cancer"
73,0.0918152241442607,"Cancer"
73,0.0918152241442607,"Cancer"
74,0.0800877591767075,"Cancer"
78,0.499797918810931,"Cancer"
79,0.431496202653457,"Cancer"
81,0.0293441864436258,"Cancer"
81,0.0293441864436258,"Cancer"
82,0.508569489199054,"Cancer"
85,-6.49111141181799e-16,"Cancer"
85,-6.49111141181799e-16,"Cancer"
86,0.247854875855682,"Cancer"
86,0.247854875855682,"Cancer"
87,0.657949984667261,"Cancer"
88,0.119501334680613,"Cancer"
89,0.170807555729328,"Cancer"
90,0.101087312973183,"Cancer"
90,0.101087312973183,"Cancer"
91,0.278433683919025,"Cancer"
92,-6.49455503162142e-16,"Cancer"
92,-6.49455503162142e-16,"Cancer"
93,-6.49455503162142e-16,"Cancer"
94,0.253590322544818,"Cancer"
94,0.253590322544818,"Cancer"
95,0.0736182137138199,"Cancer"
96,-6.49914652469266e-16,"Cancer"
96,-6.49914652469266e-16,"Cancer"
96,-6.49914652469266e-16,"Cancer"
97,0.647849872000911,"Cancer"
97,0.647849872000911,"Cancer"
98,0.372426580255152,"Cancer"
99,0.191890348464475,"Cancer"
100,0.199949429515368,"Cancer"
101,0.107850036674113,"Cancer"
103,0.300637067796616,"Cancer"
103,0.300637067796616,"Cancer"
104,0.0653112017870267,"Cancer"
105,-6.50138487756488e-16,"Cancer"
105,-6.50138487756488e-16,"Cancer"
106,0.383413706443453,"Cancer"
107,0.149209519671602,"Cancer"
107,0.149209519671602,"Cancer"
108,0.237429702880383,"Cancer"
108,0.237429702880383,"Cancer"
109,0.285309148218172,"Cancer"
109,0.285309148218172,"Cancer"
111,0.0833378494861146,"Cancer"
112,0.0372595367381921,"Cancer"
112,0.0372595367381921,"Cancer"
113,0.450321743455056,"Cancer"
115,0.214670544582806,"Cancer"
118,0.258439666068276,"Cancer"
118,0.258439666068276,"Cancer"
119,0.0687588543368773,"Cancer"
119,0.0687588543368773,"Cancer"
120,0.16054027743359,"Cancer"
121,0.15040562270055,"Cancer"
121,0.15040562270055,"Cancer"
121,0.15040562270055,"Cancer"
122,0.172435247704717,"Cancer"
122,0.172435247704717,"Cancer"
123,-6.50695206291376e-16,"Cancer"
123,-6.50695206291376e-16,"Cancer"
123,-6.50695206291376e-16,"Cancer"
123,-6.50695206291376e-16,"Cancer"
124,-6.50695206291376e-16,"Cancer"
124,-6.50695206291376e-16,"Cancer"
124,-6.50695206291376e-16,"Cancer"
124,-6.50695206291376e-16,"Cancer"
125,-6.50695206291376e-16,"Cancer"
126,0.0295039262269219,"Cancer"
127,0.0295039262269219,"Cancer"
128,-6.50695206291376e-16,"Cancer"
128,-6.50695206291376e-16,"Cancer"
129,-6.50695206291376e-16,"Cancer"
129,-6.50695206291376e-16,"Cancer"
130,-6.50695206291376e-16,"Cancer"
130,-6.50695206291376e-16,"Cancer"
130,-6.50695206291376e-16,"Cancer"
131,-6.50695206291376e-16,"Cancer"
132,-6.50695206291376e-16,"Cancer"
132,-6.50695206291376e-16,"Cancer"
134,0.0372595367381921,"Cancer"
135,0.10546483604064,"Cancer"
135,0.10546483604064,"Cancer"
136,0.0787661573957257,"Cancer"
136,0.0787661573957257,"Cancer"
137,0.207389765631572,"Cancer"
137,0.207389765631572,"Cancer"
138,0.0372595367381921,"Cancer"
138,0.0372595367381921,"Cancer"
139,0.0718694565378379,"Cancer"
140,0.0654157622733601,"Cancer"
141,0.187653498149006,"Cancer"
142,0.49940369048417,"Cancer"
142,0.49940369048417,"Cancer"
144,0.543594158713011,"Cancer"
144,0.543594158713011,"Cancer"
144,0.543594158713011,"Cancer"
145,0.350847375775837,"Cancer"
145,0.350847375775837,"Cancer"
146,0.560464337520613,"Cancer"
148,0.197636556917755,"Cancer"
148,0.197636556917755,"Cancer"
149,0.481371530169614,"Cancer"
150,0.232992958497433,"Cancer"
150,0.232992958497433,"Cancer"
151,0.0855913695723469,"Cancer"
151,0.0855913695723469,"Cancer"
152,0.120129202149673,"Cancer"
152,0.120129202149673,"Cancer"
152,0.120129202149673,"Cancer"
152,0.120129202149673,"Cancer"
153,0.570553875836014,"Cancer"
153,0.570553875836014,"Cancer"
154,0.322433652976025,"Cancer"
154,0.322433652976025,"Cancer"
154,0.322433652976025,"Cancer"
155,-6.51504169976865e-16,"Cancer"
156,0.202578289556731,"Cancer"
156,0.202578289556731,"Cancer"
156,0.202578289556731,"Cancer"
157,0.532797673862416,"Cancer"
159,-6.51544345541238e-16,"Cancer"
160,0.039361198147735,"Cancer"
160,0.039361198147735,"Cancer"
161,0.520076952359378,"Cancer"
161,0.520076952359378,"Cancer"
161,0.520076952359378,"Cancer"
161,0.520076952359378,"Cancer"
162,0.103444147094951,"Cancer"
162,0.103444147094951,"Cancer"
162,0.103444147094951,"Cancer"
162,0.103444147094951,"Cancer"
164,0.0907709241321258,"Cancer"
166,0.0239074493816375,"Cancer"
166,0.0239074493816375,"Cancer"
167,-6.51779659561139e-16,"Cancer"
167,-6.51779659561139e-16,"Cancer"
167,-6.51779659561139e-16,"Cancer"
167,-6.51779659561139e-16,"Cancer"
168,0.0239074493816375,"Cancer"
169,0.0609310267975452,"Cancer"
169,0.0609310267975452,"Cancer"
171,0.0239074493816375,"Cancer"
171,0.0239074493816375,"Cancer"
172,0.173126474528115,"Cancer"
173,0.0239074493816375,"Cancer"
174,0.0239074493816375,"Cancer"
175,0.0343055760942511,"Cancer"
176,0.579559817669822,"Cancer"
176,0.579559817669822,"Cancer"
177,-6.51882968155242e-16,"Cancer"
178,0.106793324337115,"Cancer"
179,0.412608498171909,"Cancer"
181,0.190596476977347,"Cancer"
181,0.190596476977347,"Cancer"
181,0.190596476977347,"Cancer"
182,0.21553262693178,"Cancer"
185,0.50241450770404,"Cancer"
185,0.50241450770404,"Cancer"
187,0.54421114163559,"Cancer"
188,0.0826150060472316,"Cancer"
189,0.410696846506978,"Cancer"
192,0.526520966801972,"Cancer"
195,0.371424743897048,"Cancer"
196,0.465754581600844,"Cancer"
200,0.353660467864808,"Cancer"
201,0.459497778745091,"Cancer"
201,0.459497778745091,"Cancer"
201,0.459497778745091,"Cancer"
204,0.139747324042963,"Cancer"
204,0.139747324042963,"Cancer"
204,0.139747324042963,"Cancer"
204,0.139747324042963,"Cancer"
205,0.528482275830946,"Cancer"
205,0.528482275830946,"Cancer"
206,0.407402994916677,"Cancer"
207,0.515598721164949,"Cancer"
208,0.358332533756663,"Cancer"
209,0.25125904632122,"Cancer"
209,0.25125904632122,"Cancer"
209,0.25125904632122,"Cancer"
213,0.345313764470245,"Cancer"
213,0.345313764470245,"Cancer"
215,0.301768718355824,"Cancer"
215,0.301768718355824,"Cancer"
217,0.208827425461396,"Cancer"
217,0.208827425461396,"Cancer"
217,0.208827425461396,"Cancer"
221,0.415137472143036,"Cancer"
225,0.563275228533032,"Cancer"
225,0.563275228533032,"Cancer"
226,0.502858468622698,"Cancer"
226,0.502858468622698,"Cancer"
227,0.276143705728849,"Cancer"
230,0.679695314949464,"Cancer"
230,0.679695314949464,"Cancer"
232,0.615573769670209,"Cancer"
233,0.403053017848241,"Cancer"
234,0.343208050762698,"Cancer"
234,0.343208050762698,"Cancer"
234,0.343208050762698,"Cancer"
235,0.535526922951254,"Cancer"
243,0.529104416702499,"Cancer"
244,0.500311774876914,"Cancer"
245,0.460358895231222,"Cancer"
245,0.460358895231222,"Cancer"
246,0.405225103563558,"Cancer"
247,0.43845999367319,"Cancer"
248,0.303665872858058,"Cancer"
248,0.303665872858058,"Cancer"
250,0.468750700403399,"Cancer"
251,0.0245203248409886,"Cancer"
252,-6.55825912830167e-16,"Cancer"
252,-6.55825912830167e-16,"Cancer"
254,0.208032501095025,"Cancer"
255,0.230399031272481,"Cancer"
255,0.230399031272481,"Cancer"
255,0.230399031272481,"Cancer"
256,0.270615433275023,"Cancer"
256,0.270615433275023,"Cancer"
256,0.270615433275023,"Cancer"
258,0.301638581314469,"Cancer"
258,0.301638581314469,"Cancer"
259,0.386079213865766,"Cancer"
259,0.386079213865766,"Cancer"
262,0.405293806389765,"Cancer"
263,0.443107735809772,"Cancer"
264,0.399875216936653,"Cancer"
264,0.399875216936653,"Cancer"
265,0.567482066106796,"Cancer"
268,0.282449802467773,"Cancer"
268,0.282449802467773,"Cancer"
270,0.311151458334879,"Cancer"
271,0.0756328920117447,"Cancer"
271,0.0756328920117447,"Cancer"
272,0.13526979121396,"Cancer"
272,0.13526979121396,"Cancer"
272,0.13526979121396,"Cancer"
273,0.10364288233343,"Cancer"
274,-6.5731240871198e-16,"Cancer"
275,0.293020159846962,"Cancer"
275,0.293020159846962,"Cancer"
275,0.293020159846962,"Cancer"
276,0.0372595367381921,"Cancer"
279,0.0379602093516181,"Cancer"
282,0.615496245398039,"Cancer"
284,0.639767656165542,"Cancer"
286,0.634036138915267,"Cancer"
287,0.651462296316657,"Cancer"
291,0.526556641022023,"Cancer"
291,0.526556641022023,"Cancer"
293,0.353789907781767,"Cancer"
295,0.457426907987331,"Cancer"
296,0.511165718857916,"Cancer"
299,0.45529902991934,"Cancer"
303,0.331924390935649,"Cancer"
304,0.291085773604116,"Cancer"
304,0.291085773604116,"Cancer"
307,0.645965616131644,"Cancer"
310,0.445158255597053,"Cancer"
315,0.625722192116799,"Cancer"
317,0.546944277588661,"Cancer"
318,0.312986801697909,"Cancer"
320,0.184975587793403,"Cancer"
321,0.507200054593246,"Cancer"
323,0.629505642361053,"Cancer"
323,0.629505642361053,"Cancer"
325,0.124785653100285,"Cancer"
325,0.124785653100285,"Cancer"
325,0.124785653100285,"Cancer"
326,-6.59217878336543e-16,"Cancer"
326,-6.59217878336543e-16,"Cancer"
328,0.155370029550621,"Cancer"
330,0.0326059832459265,"Cancer"
330,0.0326059832459265,"Cancer"
331,0.0626123907513905,"Cancer"
331,0.0626123907513905,"Cancer"
333,0.504195420026967,"Cancer"
334,0.326639249287529,"Cancer"
335,0.229300448384018,"Cancer"
335,0.229300448384018,"Cancer"
336,0.574208686408089,"Cancer"
337,0.220212721650537,"Cancer"
337,0.220212721650537,"Cancer"
338,0.205143188524674,"Cancer"
338,0.205143188524674,"Cancer"
339,0.36166337503863,"Cancer"
341,0.0252398949737557,"Cancer"
341,0.0252398949737557,"Cancer"
341,0.0252398949737557,"Cancer"
345,0.328858916129447,"Cancer"
345,0.328858916129447,"Cancer"
348,0.581152658860149,"Cancer"
348,0.581152658860149,"Cancer"
354,0.477193392516394,"Cancer"
357,0.486733824753867,"Cancer"
357,0.486733824753867,"Cancer"
357,0.486733824753867,"Cancer"
365,0.519912764339739,"Cancer"
369,0.431061170582856,"Cancer"
382,0.336539543865188,"Cancer"
384,0.264443453387594,"Cancer"
384,0.264443453387594,"Cancer"
388,0.271339381464484,"Cancer"
388,0.271339381464484,"Cancer"
394,0.218806182575318,"Cancer"
398,0.240554855161795,"Cancer"
24,0.0666463304501739,"Cancer"
92,-6.49455503162142e-16,"Cancer"
345,0.328858916129447,"Cancer"
1,0.110891190268071,"ASD"
1,0.110891190268071,"ASD"
6,0.185937044106038,"ASD"
12,0.344281005377853,"ASD"
12,0.344281005377853,"ASD"
17,0.501976187216111,"ASD"
22,0.209199842792442,"ASD"
23,0.0719030606188784,"ASD"
23,0.0719030606188784,"ASD"
24,0.0666463304501739,"ASD"
25,0.0719030606188784,"ASD"
38,0.0752162932045908,"ASD"
39,0.189514520791657,"ASD"
43,0.0545510716666315,"ASD"
44,0.213345592379098,"ASD"
48,0.0545510716666315,"ASD"
50,0.268903501829529,"ASD"
65,0.0741105536386862,"ASD"
68,0.110498777310893,"ASD"
70,0.0741105536386862,"ASD"
78,0.499797918810931,"ASD"
93,-6.49455503162142e-16,"ASD"
93,-6.49455503162142e-16,"ASD"
95,0.0736182137138199,"ASD"
96,-6.49914652469266e-16,"ASD"
101,0.107850036674113,"ASD"
105,-6.50138487756488e-16,"ASD"
107,0.149209519671602,"ASD"
107,0.149209519671602,"ASD"
118,0.258439666068276,"ASD"
122,0.172435247704717,"ASD"
123,-6.50695206291376e-16,"ASD"
126,0.0295039262269219,"ASD"
127,0.0295039262269219,"ASD"
128,-6.50695206291376e-16,"ASD"
129,-6.50695206291376e-16,"ASD"
133,0.206552899373565,"ASD"
134,0.0372595367381921,"ASD"
141,0.187653498149006,"ASD"
150,0.232992958497433,"ASD"
155,-6.51504169976865e-16,"ASD"
157,0.532797673862416,"ASD"
159,-6.51544345541238e-16,"ASD"
160,0.039361198147735,"ASD"
162,0.103444147094951,"ASD"
164,0.0907709241321258,"ASD"
170,0.0239074493816375,"ASD"
170,0.0239074493816375,"ASD"
171,0.0239074493816375,"ASD"
176,0.579559817669822,"ASD"
182,0.21553262693178,"ASD"
188,0.0826150060472316,"ASD"
200,0.353660467864808,"ASD"
202,0.437907216056088,"ASD"
204,0.139747324042963,"ASD"
206,0.407402994916677,"ASD"
211,0.404058334731118,"ASD"
217,0.208827425461396,"ASD"
220,0.575453604570997,"ASD"
239,0.546400676417613,"ASD"
239,0.546400676417613,"ASD"
241,0.565235062372923,"ASD"
241,0.565235062372923,"ASD"
252,-6.55825912830167e-16,"ASD"
254,0.208032501095025,"ASD"
267,0.220151070294147,"ASD"
270,0.311151458334879,"ASD"
270,0.311151458334879,"ASD"
274,-6.5731240871198e-16,"ASD"
276,0.0372595367381921,"ASD"
288,0.543211832880827,"ASD"
294,0.551121162259744,"ASD"
320,0.184975587793403,"ASD"
326,-6.59217878336543e-16,"ASD"
326,-6.59217878336543e-16,"ASD"
335,0.229300448384018,"ASD"
335,0.229300448384018,"ASD"
343,0.203432152499674,"ASD"
68,0.110498777310893,"ASD"
13,0.227609333780027,"ASD_Cancer"
14,0.343374647387274,"ASD_Cancer"
15,0.0719030606188784,"ASD_Cancer"
26,0.267921109445422,"ASD_Cancer"
27,0.114319141257295,"ASD_Cancer"
34,0.0868108421618723,"ASD_Cancer"
35,0.0829207579057504,"ASD_Cancer"
36,0.0829207579057504,"ASD_Cancer"
61,0.0741105536386862,"ASD_Cancer"
61,0.0741105536386862,"ASD_Cancer"
68,0.110498777310893,"ASD_Cancer"
68,0.110498777310893,"ASD_Cancer"
79,0.431496202653457,"ASD_Cancer"
88,0.119501334680613,"ASD_Cancer"
89,0.170807555729328,"ASD_Cancer"
92,-6.49455503162142e-16,"ASD_Cancer"
93,-6.49455503162142e-16,"ASD_Cancer"
101,0.107850036674113,"ASD_Cancer"
111,0.0833378494861146,"ASD_Cancer"
125,-6.50695206291376e-16,"ASD_Cancer"
129,-6.50695206291376e-16,"ASD_Cancer"
130,-6.50695206291376e-16,"ASD_Cancer"
130,-6.50695206291376e-16,"ASD_Cancer"
130,-6.50695206291376e-16,"ASD_Cancer"
131,-6.50695206291376e-16,"ASD_Cancer"
131,-6.50695206291376e-16,"ASD_Cancer"
132,-6.50695206291376e-16,"ASD_Cancer"
132,-6.50695206291376e-16,"ASD_Cancer"
134,0.0372595367381921,"ASD_Cancer"
134,0.0372595367381921,"ASD_Cancer"
135,0.10546483604064,"ASD_Cancer"
135,0.10546483604064,"ASD_Cancer"
136,0.0787661573957257,"ASD_Cancer"
139,0.0718694565378379,"ASD_Cancer"
150,0.232992958497433,"ASD_Cancer"
155,-6.51504169976865e-16,"ASD_Cancer"
155,-6.51504169976865e-16,"ASD_Cancer"
165,0.0239074493816375,"ASD_Cancer"
167,-6.51779659561139e-16,"ASD_Cancer"
170,0.0239074493816375,"ASD_Cancer"
173,0.0239074493816375,"ASD_Cancer"
173,0.0239074493816375,"ASD_Cancer"
177,-6.51882968155242e-16,"ASD_Cancer"
241,0.565235062372923,"ASD_Cancer"
246,0.405225103563558,"ASD_Cancer"
247,0.43845999367319,"ASD_Cancer"
252,-6.55825912830167e-16,"ASD_Cancer"
255,0.230399031272481,"ASD_Cancer"
277,-6.57364063009031e-16,"ASD_Cancer"
298,0.531232435161692,"ASD_Cancer"
305,0.548654627913411,"ASD_Cancer"
316,0.496224690915178,"ASD_Cancer"
354,0.477193392516394,"ASD_Cancer"
