"residue","Entropy","Disease"
3,1.11673144749469,"Cancer"
5,0.87915180532091,"Cancer"
5,0.87915180532091,"Cancer"
6,0.598269588585257,"Cancer"
6,0.598269588585257,"Cancer"
6,0.598269588585257,"Cancer"
7,1.68825109537934,"Cancer"
8,1.55309450199267,"Cancer"
10,0.110453046672598,"Cancer"
10,0.110453046672598,"Cancer"
10,0.110453046672598,"Cancer"
10,0.110453046672598,"Cancer"
11,0.694809389011686,"Cancer"
11,0.694809389011686,"Cancer"
13,0.631005192804693,"Cancer"
13,0.631005192804693,"Cancer"
14,1.04905168869187,"Cancer"
14,1.04905168869187,"Cancer"
15,0,"Cancer"
16,0.623899575194572,"Cancer"
17,1.76536280283838,"Cancer"
19,0.94420342822391,"Cancer"
19,0.94420342822391,"Cancer"
20,0.696565917864266,"Cancer"
20,0.696565917864266,"Cancer"
21,0.444268654581768,"Cancer"
24,0,"Cancer"
24,0,"Cancer"
24,0,"Cancer"
25,0,"Cancer"
27,0.112515934119639,"Cancer"
27,0.112515934119639,"Cancer"
27,0.112515934119639,"Cancer"
28,0.108471339035916,"Cancer"
28,0.108471339035916,"Cancer"
30,0.904245148322544,"Cancer"
30,0.904245148322544,"Cancer"
31,1.01979245822599,"Cancer"
32,0.70788809962284,"Cancer"
33,0.423611169955172,"Cancer"
34,0.10656595882802,"Cancer"
34,0.10656595882802,"Cancer"
34,0.10656595882802,"Cancer"
35,0.104732439105087,"Cancer"
35,0.104732439105087,"Cancer"
35,0.104732439105087,"Cancer"
36,0.104732439105087,"Cancer"
37,0.721639031991488,"Cancer"
38,0.104732439105087,"Cancer"
39,0.547639358201558,"Cancer"
39,0.547639358201558,"Cancer"
41,1.29337221472664,"Cancer"
43,0,"Cancer"
43,0,"Cancer"
45,1.03000504545793,"Cancer"
46,0.344337900099839,"Cancer"
46,0.344337900099839,"Cancer"
47,0.104732439105087,"Cancer"
47,0.104732439105087,"Cancer"
48,0,"Cancer"
48,0,"Cancer"
49,1.5673411014878,"Cancer"
50,0.831952350947707,"Cancer"
52,0.917283150805641,"Cancer"
53,0.178844912716848,"Cancer"
53,0.178844912716848,"Cancer"
54,1.49528858610569,"Cancer"
55,0.932095839783865,"Cancer"
55,0.932095839783865,"Cancer"
55,0.932095839783865,"Cancer"
55,0.932095839783865,"Cancer"
57,0.485094091302212,"Cancer"
59,2.07220501549018,"Cancer"
60,1.06488030888876,"Cancer"
61,0,"Cancer"
61,0,"Cancer"
62,1.23714496851444,"Cancer"
62,1.23714496851444,"Cancer"
62,1.23714496851444,"Cancer"
63,1.52705798298741,"Cancer"
63,1.52705798298741,"Cancer"
65,0,"Cancer"
65,0,"Cancer"
66,0.683652832582859,"Cancer"
66,0.683652832582859,"Cancer"
66,0.683652832582859,"Cancer"
66,0.683652832582859,"Cancer"
67,0.601153811179404,"Cancer"
67,0.601153811179404,"Cancer"
67,0.601153811179404,"Cancer"
69,0,"Cancer"
69,0,"Cancer"
70,0,"Cancer"
70,0,"Cancer"
70,0,"Cancer"
70,0,"Cancer"
71,0.102966660465412,"Cancer"
72,1.29373129642147,"Cancer"
73,0.175975125097627,"Cancer"
73,0.175975125097627,"Cancer"
74,0.205470749802306,"Cancer"
78,2.02785595372396,"Cancer"
79,1.85000638994352,"Cancer"
81,0.101264817566792,"Cancer"
81,0.101264817566792,"Cancer"
82,1.80666615051996,"Cancer"
85,0,"Cancer"
85,0,"Cancer"
86,1.03242572828624,"Cancer"
86,1.03242572828624,"Cancer"
87,2.32220513925801,"Cancer"
88,0.714444721196966,"Cancer"
89,0.67580551166076,"Cancer"
90,0.344598248102823,"Cancer"
90,0.344598248102823,"Cancer"
91,1.04520672841302,"Cancer"
92,0,"Cancer"
92,0,"Cancer"
93,0,"Cancer"
94,0.923631614355829,"Cancer"
94,0.923631614355829,"Cancer"
95,0.286835983056161,"Cancer"
96,0,"Cancer"
96,0,"Cancer"
96,0,"Cancer"
97,2.06688690239746,"Cancer"
97,2.06688690239746,"Cancer"
98,1.37643317595893,"Cancer"
99,0.641429272217966,"Cancer"
100,0.699590398581189,"Cancer"
101,0.386268043839084,"Cancer"
103,1.00114172234131,"Cancer"
103,1.00114172234131,"Cancer"
104,0.202086339272508,"Cancer"
105,0,"Cancer"
105,0,"Cancer"
106,1.35383293117032,"Cancer"
107,0.531541754719409,"Cancer"
107,0.531541754719409,"Cancer"
108,0.858176938832092,"Cancer"
108,0.858176938832092,"Cancer"
109,0.997610189102483,"Cancer"
109,0.997610189102483,"Cancer"
111,0.273573794224885,"Cancer"
112,0.101264817566792,"Cancer"
112,0.101264817566792,"Cancer"
113,1.69303579337807,"Cancer"
115,0.845835056729558,"Cancer"
118,0.723254511001112,"Cancer"
118,0.723254511001112,"Cancer"
119,0.334142791387189,"Cancer"
119,0.334142791387189,"Cancer"
120,0.64487171084453,"Cancer"
121,0.600603884077727,"Cancer"
121,0.600603884077727,"Cancer"
121,0.600603884077727,"Cancer"
122,0.685314207276458,"Cancer"
122,0.685314207276458,"Cancer"
123,0,"Cancer"
123,0,"Cancer"
123,0,"Cancer"
123,0,"Cancer"
124,0,"Cancer"
124,0,"Cancer"
124,0,"Cancer"
124,0,"Cancer"
125,0,"Cancer"
126,0.101264817566792,"Cancer"
127,0.101264817566792,"Cancer"
128,0,"Cancer"
128,0,"Cancer"
129,0,"Cancer"
129,0,"Cancer"
130,0,"Cancer"
130,0,"Cancer"
130,0,"Cancer"
131,0,"Cancer"
132,0,"Cancer"
132,0,"Cancer"
134,0.101264817566792,"Cancer"
135,0.450561208866305,"Cancer"
135,0.450561208866305,"Cancer"
136,0.273573794224885,"Cancer"
136,0.273573794224885,"Cancer"
137,0.864740096527637,"Cancer"
137,0.864740096527637,"Cancer"
138,0.101264817566792,"Cancer"
138,0.101264817566792,"Cancer"
139,0.376770161256437,"Cancer"
140,0.273573794224885,"Cancer"
141,0.72922136726464,"Cancer"
142,1.64018524513087,"Cancer"
142,1.64018524513087,"Cancer"
144,1.8502677786636,"Cancer"
144,1.8502677786636,"Cancer"
144,1.8502677786636,"Cancer"
145,1.17310812953878,"Cancer"
145,1.17310812953878,"Cancer"
146,2.24960082168711,"Cancer"
148,0.836138635512752,"Cancer"
148,0.836138635512752,"Cancer"
149,1.79012575109336,"Cancer"
150,1.11501246667227,"Cancer"
150,1.11501246667227,"Cancer"
151,0.273573794224885,"Cancer"
151,0.273573794224885,"Cancer"
152,0.402360513149485,"Cancer"
152,0.402360513149485,"Cancer"
152,0.402360513149485,"Cancer"
152,0.402360513149485,"Cancer"
153,2.0800061680706,"Cancer"
153,2.0800061680706,"Cancer"
154,1.19088021731046,"Cancer"
154,1.19088021731046,"Cancer"
154,1.19088021731046,"Cancer"
155,0,"Cancer"
156,0.735343288465644,"Cancer"
156,0.735343288465644,"Cancer"
156,0.735343288465644,"Cancer"
157,1.89890194041707,"Cancer"
159,0,"Cancer"
160,0.173205206749177,"Cancer"
160,0.173205206749177,"Cancer"
161,1.92085568105706,"Cancer"
161,1.92085568105706,"Cancer"
161,1.92085568105706,"Cancer"
161,1.92085568105706,"Cancer"
162,0.538267453228341,"Cancer"
162,0.538267453228341,"Cancer"
162,0.538267453228341,"Cancer"
162,0.538267453228341,"Cancer"
164,0.273573794224885,"Cancer"
166,0.101264817566792,"Cancer"
166,0.101264817566792,"Cancer"
167,0,"Cancer"
167,0,"Cancer"
167,0,"Cancer"
167,0,"Cancer"
168,0.101264817566792,"Cancer"
169,0.202086339272508,"Cancer"
169,0.202086339272508,"Cancer"
171,0.101264817566792,"Cancer"
171,0.101264817566792,"Cancer"
172,0.630528269222871,"Cancer"
173,0.101264817566792,"Cancer"
174,0.101264817566792,"Cancer"
175,0.173205206749177,"Cancer"
176,2.15374182231636,"Cancer"
176,2.15374182231636,"Cancer"
177,0,"Cancer"
178,0.482577565177012,"Cancer"
179,1.71912010618478,"Cancer"
181,0.670310404741297,"Cancer"
181,0.670310404741297,"Cancer"
181,0.670310404741297,"Cancer"
182,1.03063490397764,"Cancer"
185,2.14290336419561,"Cancer"
185,2.14290336419561,"Cancer"
187,2.30230275921482,"Cancer"
188,0.273573794224885,"Cancer"
189,1.70586211604694,"Cancer"
192,1.96859204681949,"Cancer"
195,1.44417588958118,"Cancer"
196,1.6639068895797,"Cancer"
200,1.39897087587321,"Cancer"
201,1.72712212021433,"Cancer"
201,1.72712212021433,"Cancer"
201,1.72712212021433,"Cancer"
204,0.472911441409077,"Cancer"
204,0.472911441409077,"Cancer"
204,0.472911441409077,"Cancer"
204,0.472911441409077,"Cancer"
205,1.98165886157543,"Cancer"
205,1.98165886157543,"Cancer"
206,1.47138682616075,"Cancer"
207,1.93789577816334,"Cancer"
208,1.35527504510869,"Cancer"
209,0.907890282668345,"Cancer"
209,0.907890282668345,"Cancer"
209,0.907890282668345,"Cancer"
213,1.21139676834495,"Cancer"
213,1.21139676834495,"Cancer"
215,1.03031319808777,"Cancer"
215,1.03031319808777,"Cancer"
217,0.837898975297988,"Cancer"
217,0.837898975297988,"Cancer"
217,0.837898975297988,"Cancer"
221,1.49156414719481,"Cancer"
225,1.90509444637046,"Cancer"
225,1.90509444637046,"Cancer"
226,1.78572230334781,"Cancer"
226,1.78572230334781,"Cancer"
227,0.981393879402491,"Cancer"
230,2.32669526824984,"Cancer"
230,2.32669526824984,"Cancer"
232,2.10836005985993,"Cancer"
233,1.4376167076417,"Cancer"
234,1.32230612831111,"Cancer"
234,1.32230612831111,"Cancer"
234,1.32230612831111,"Cancer"
235,1.80806364419069,"Cancer"
243,1.81363605683577,"Cancer"
244,1.85879140297186,"Cancer"
245,1.71484702767622,"Cancer"
245,1.71484702767622,"Cancer"
246,1.3911156006004,"Cancer"
247,1.53607035025647,"Cancer"
248,1.05713627397739,"Cancer"
248,1.05713627397739,"Cancer"
250,1.61159759012101,"Cancer"
251,0.101264817566792,"Cancer"
252,0,"Cancer"
252,0,"Cancer"
254,0.712330397107998,"Cancer"
255,0.953234462491456,"Cancer"
255,0.953234462491456,"Cancer"
255,0.953234462491456,"Cancer"
256,0.959603565342279,"Cancer"
256,0.959603565342279,"Cancer"
256,0.959603565342279,"Cancer"
258,1.12880885964457,"Cancer"
258,1.12880885964457,"Cancer"
259,1.48860067056888,"Cancer"
259,1.48860067056888,"Cancer"
262,1.30084123110175,"Cancer"
263,1.40557052767557,"Cancer"
264,1.28685340457918,"Cancer"
264,1.28685340457918,"Cancer"
265,1.90835770199426,"Cancer"
268,1.1172167322332,"Cancer"
268,1.1172167322332,"Cancer"
270,1.22753713703201,"Cancer"
271,0.286835983056161,"Cancer"
271,0.286835983056161,"Cancer"
272,0.579465692873961,"Cancer"
272,0.579465692873961,"Cancer"
272,0.579465692873961,"Cancer"
273,0.373479380626154,"Cancer"
274,0,"Cancer"
275,1.00512494917372,"Cancer"
275,1.00512494917372,"Cancer"
275,1.00512494917372,"Cancer"
276,0.101264817566792,"Cancer"
279,0.173205206749177,"Cancer"
282,2.23004884328202,"Cancer"
284,2.16232322382547,"Cancer"
286,2.48085354475513,"Cancer"
287,2.58165519539141,"Cancer"
291,1.79496313268474,"Cancer"
291,1.79496313268474,"Cancer"
293,0.933142164646176,"Cancer"
295,1.98314884277517,"Cancer"
296,2.07433126523142,"Cancer"
299,2.03971255591359,"Cancer"
303,1.72339170602205,"Cancer"
304,2.10657733323212,"Cancer"
304,2.10657733323212,"Cancer"
307,2.49902972923638,"Cancer"
310,1.81228295299073,"Cancer"
315,2.24276498240993,"Cancer"
317,2.03230942668276,"Cancer"
318,1.11343211326146,"Cancer"
320,0.859138933146252,"Cancer"
321,2.12116068880202,"Cancer"
323,2.19638385693495,"Cancer"
323,2.19638385693495,"Cancer"
325,0.579465692873961,"Cancer"
325,0.579465692873961,"Cancer"
325,0.579465692873961,"Cancer"
326,0,"Cancer"
326,0,"Cancer"
328,0.531541754719409,"Cancer"
330,0.101264817566792,"Cancer"
330,0.101264817566792,"Cancer"
331,0.173205206749177,"Cancer"
331,0.173205206749177,"Cancer"
333,1.64821319932359,"Cancer"
334,1.01457613710534,"Cancer"
335,0.817244267429355,"Cancer"
335,0.817244267429355,"Cancer"
336,2.15323735696319,"Cancer"
337,0.824993810222594,"Cancer"
337,0.824993810222594,"Cancer"
338,0.698026258359003,"Cancer"
338,0.698026258359003,"Cancer"
339,1.29872137010528,"Cancer"
341,0.101264817566792,"Cancer"
341,0.101264817566792,"Cancer"
341,0.101264817566792,"Cancer"
345,1.17946831828182,"Cancer"
345,1.17946831828182,"Cancer"
348,1.90251770100109,"Cancer"
348,1.90251770100109,"Cancer"
354,1.79435748272869,"Cancer"
357,1.92320074335487,"Cancer"
357,1.92320074335487,"Cancer"
357,1.92320074335487,"Cancer"
365,2.03244787492824,"Cancer"
369,1.67016238804033,"Cancer"
382,0.992591068766829,"Cancer"
384,0.518186213050213,"Cancer"
384,0.518186213050213,"Cancer"
388,0.659872013784827,"Cancer"
388,0.659872013784827,"Cancer"
394,0.690185676018804,"Cancer"
398,1.3421131789144,"Cancer"
24,0,"Cancer"
92,0,"Cancer"
345,1.17946831828182,"Cancer"
1,0,"ASD"
1,0,"ASD"
6,0.598269588585257,"ASD"
12,1.31100543092352,"ASD"
12,1.31100543092352,"ASD"
17,1.76536280283838,"ASD"
22,0.631005192804693,"ASD"
23,0,"ASD"
23,0,"ASD"
24,0,"ASD"
25,0,"ASD"
38,0.104732439105087,"ASD"
39,0.547639358201558,"ASD"
43,0,"ASD"
44,0.688994851875039,"ASD"
48,0,"ASD"
50,0.831952350947707,"ASD"
65,0,"ASD"
68,0.10656595882802,"ASD"
70,0,"ASD"
78,2.02785595372396,"ASD"
93,0,"ASD"
93,0,"ASD"
95,0.286835983056161,"ASD"
96,0,"ASD"
101,0.386268043839084,"ASD"
105,0,"ASD"
107,0.531541754719409,"ASD"
107,0.531541754719409,"ASD"
118,0.723254511001112,"ASD"
122,0.685314207276458,"ASD"
123,0,"ASD"
126,0.101264817566792,"ASD"
127,0.101264817566792,"ASD"
128,0,"ASD"
129,0,"ASD"
133,0.697627007928569,"ASD"
134,0.101264817566792,"ASD"
141,0.72922136726464,"ASD"
150,1.11501246667227,"ASD"
155,0,"ASD"
157,1.89890194041707,"ASD"
159,0,"ASD"
160,0.173205206749177,"ASD"
162,0.538267453228341,"ASD"
164,0.273573794224885,"ASD"
170,0.101264817566792,"ASD"
170,0.101264817566792,"ASD"
171,0.101264817566792,"ASD"
176,2.15374182231636,"ASD"
182,1.03063490397764,"ASD"
188,0.273573794224885,"ASD"
200,1.39897087587321,"ASD"
202,1.35268088367382,"ASD"
204,0.472911441409077,"ASD"
206,1.47138682616075,"ASD"
211,1.44093280417072,"ASD"
217,0.837898975297988,"ASD"
220,1.99406657845858,"ASD"
239,1.91721724938048,"ASD"
239,1.91721724938048,"ASD"
241,1.98045502717637,"ASD"
241,1.98045502717637,"ASD"
252,0,"ASD"
254,0.712330397107998,"ASD"
267,0.739372534099615,"ASD"
270,1.22753713703201,"ASD"
270,1.22753713703201,"ASD"
274,0,"ASD"
276,0.101264817566792,"ASD"
288,2.07023416631931,"ASD"
294,2.06042467272792,"ASD"
320,0.859138933146252,"ASD"
326,0,"ASD"
326,0,"ASD"
335,0.817244267429355,"ASD"
335,0.817244267429355,"ASD"
343,0.710369375292472,"ASD"
68,0.10656595882802,"ASD"
13,0.631005192804693,"ASD_Cancer"
14,1.04905168869187,"ASD_Cancer"
15,0,"ASD_Cancer"
26,0.911283967813257,"ASD_Cancer"
27,0.112515934119639,"ASD_Cancer"
34,0.10656595882802,"ASD_Cancer"
35,0.104732439105087,"ASD_Cancer"
36,0.104732439105087,"ASD_Cancer"
61,0,"ASD_Cancer"
61,0,"ASD_Cancer"
68,0.10656595882802,"ASD_Cancer"
68,0.10656595882802,"ASD_Cancer"
79,1.85000638994352,"ASD_Cancer"
88,0.714444721196966,"ASD_Cancer"
89,0.67580551166076,"ASD_Cancer"
92,0,"ASD_Cancer"
93,0,"ASD_Cancer"
101,0.386268043839084,"ASD_Cancer"
111,0.273573794224885,"ASD_Cancer"
125,0,"ASD_Cancer"
129,0,"ASD_Cancer"
130,0,"ASD_Cancer"
130,0,"ASD_Cancer"
130,0,"ASD_Cancer"
131,0,"ASD_Cancer"
131,0,"ASD_Cancer"
132,0,"ASD_Cancer"
132,0,"ASD_Cancer"
134,0.101264817566792,"ASD_Cancer"
134,0.101264817566792,"ASD_Cancer"
135,0.450561208866305,"ASD_Cancer"
135,0.450561208866305,"ASD_Cancer"
136,0.273573794224885,"ASD_Cancer"
139,0.376770161256437,"ASD_Cancer"
150,1.11501246667227,"ASD_Cancer"
155,0,"ASD_Cancer"
155,0,"ASD_Cancer"
165,0.101264817566792,"ASD_Cancer"
167,0,"ASD_Cancer"
170,0.101264817566792,"ASD_Cancer"
173,0.101264817566792,"ASD_Cancer"
173,0.101264817566792,"ASD_Cancer"
177,0,"ASD_Cancer"
241,1.98045502717637,"ASD_Cancer"
246,1.3911156006004,"ASD_Cancer"
247,1.53607035025647,"ASD_Cancer"
252,0,"ASD_Cancer"
255,0.953234462491456,"ASD_Cancer"
277,0,"ASD_Cancer"
298,2.27474282085689,"ASD_Cancer"
305,2.46281437367455,"ASD_Cancer"
316,1.81662950492985,"ASD_Cancer"
354,1.79435748272869,"ASD_Cancer"
