1,0.00E+00
2,1.01E+00
3,1.12E+00
4,2.14E+00
5,8.79E-01
6,5.98E-01
7,1.69E+00
8,1.55E+00
9,1.10E-01
10,1.10E-01
11,6.95E-01
12,1.31E+00
13,6.31E-01
14,1.05E+00
15,0.00E+00
16,6.24E-01
17,1.77E+00
18,1.22E+00
19,9.44E-01
20,6.97E-01
21,4.44E-01
22,6.31E-01
23,0.00E+00
24,0.00E+00
25,0.00E+00
26,9.11E-01
27,1.13E-01
28,1.08E-01
29,1.61E+00
30,9.04E-01
31,1.02E+00
32,7.08E-01
33,4.24E-01
34,1.07E-01
35,1.05E-01
36,1.05E-01
37,7.22E-01
38,1.05E-01
39,5.48E-01
40,1.05E+00
41,1.29E+00
42,8.60E-01
43,0.00E+00
44,6.89E-01
45,1.03E+00
46,3.44E-01
47,1.05E-01
48,0.00E+00
49,1.57E+00
50,8.32E-01
51,9.58E-01
52,9.17E-01
53,1.79E-01
54,1.50E+00
55,9.32E-01
56,1.82E-01
57,4.85E-01
58,8.31E-01
59,2.07E+00
60,1.06E+00
61,0.00E+00
62,1.24E+00
63,1.53E+00
64,3.92E-01
65,0.00E+00
66,6.84E-01
67,6.01E-01
68,1.07E-01
69,0.00E+00
70,0.00E+00
71,1.03E-01
72,1.29E+00
73,1.76E-01
74,2.05E-01
75,1.97E+00
76,1.03E-01
77,3.39E-01
78,2.03E+00
79,1.85E+00
80,5.81E-01
81,1.01E-01
82,1.81E+00
83,1.83E+00
84,7.00E-01
85,0.00E+00
86,1.03E+00
87,2.32E+00
88,7.14E-01
89,6.76E-01
90,3.45E-01
91,1.05E+00
92,0.00E+00
93,0.00E+00
94,9.24E-01
95,2.87E-01
96,0.00E+00
97,2.07E+00
98,1.38E+00
99,6.41E-01
100,7.00E-01
101,3.86E-01
102,1.26E+00
103,1.00E+00
104,2.02E-01
105,0.00E+00
106,1.35E+00
107,5.32E-01
108,8.58E-01
109,9.98E-01
110,2.02E+00
111,2.74E-01
112,1.01E-01
113,1.69E+00
114,1.67E+00
115,8.46E-01
116,1.92E+00
117,2.09E+00
118,7.23E-01
119,3.34E-01
120,6.45E-01
121,6.01E-01
122,6.85E-01
123,0.00E+00
124,0.00E+00
125,0.00E+00
126,1.01E-01
127,1.01E-01
128,0.00E+00
129,0.00E+00
130,0.00E+00
131,0.00E+00
132,0.00E+00
133,6.98E-01
134,1.01E-01
135,4.51E-01
136,2.74E-01
137,8.65E-01
138,1.01E-01
139,3.77E-01
140,2.74E-01
141,7.29E-01
142,1.64E+00
143,1.44E+00
144,1.85E+00
145,1.17E+00
146,2.25E+00
147,1.65E+00
148,8.36E-01
149,1.79E+00
150,1.12E+00
151,2.74E-01
152,4.02E-01
153,2.08E+00
154,1.19E+00
155,0.00E+00
156,7.35E-01
157,1.90E+00
158,1.76E+00
159,0.00E+00
160,1.73E-01
161,1.92E+00
162,5.38E-01
163,2.04E+00
164,2.74E-01
165,1.01E-01
166,1.01E-01
167,0.00E+00
168,1.01E-01
169,2.02E-01
170,1.01E-01
171,1.01E-01
172,6.31E-01
173,1.01E-01
174,1.01E-01
175,1.73E-01
176,2.15E+00
177,0.00E+00
178,4.83E-01
179,1.72E+00
180,2.31E+00
181,6.70E-01
182,1.03E+00
183,1.50E+00
184,2.04E+00
185,2.14E+00
186,1.21E+00
187,2.30E+00
188,2.74E-01
189,1.71E+00
190,1.56E+00
191,1.62E+00
192,1.97E+00
193,8.44E-01
194,1.78E+00
195,1.44E+00
196,1.66E+00
197,1.82E+00
198,1.46E+00
199,2.20E+00
200,1.40E+00
201,1.73E+00
202,1.35E+00
203,1.68E+00
204,4.73E-01
205,1.98E+00
206,1.47E+00
207,1.94E+00
208,1.36E+00
209,9.08E-01
210,1.59E+00
211,1.44E+00
212,1.94E+00
213,1.21E+00
214,2.07E+00
215,1.03E+00
216,1.79E+00
217,8.38E-01
218,1.98E+00
219,1.10E+00
220,1.99E+00
221,1.49E+00
222,1.63E+00
223,1.23E+00
224,1.42E+00
225,1.91E+00
226,1.79E+00
227,9.81E-01
228,2.34E+00
229,2.01E+00
230,2.33E+00
231,1.70E+00
232,2.11E+00
233,1.44E+00
234,1.32E+00
235,1.81E+00
236,2.18E+00
237,2.09E+00
238,2.51E+00
239,1.92E+00
240,2.39E+00
241,1.98E+00
242,2.37E+00
243,1.81E+00
244,1.86E+00
245,1.71E+00
246,1.39E+00
247,1.54E+00
248,1.06E+00
249,8.99E-01
250,1.61E+00
251,1.01E-01
252,0.00E+00
253,6.50E-01
254,7.12E-01
255,9.53E-01
256,9.60E-01
257,9.83E-01
258,1.13E+00
259,1.49E+00
260,3.92E-01
261,1.58E+00
262,1.30E+00
263,1.41E+00
264,1.29E+00
265,1.91E+00
266,9.89E-01
267,7.39E-01
268,1.12E+00
269,1.06E+00
270,1.23E+00
271,2.87E-01
272,5.79E-01
273,3.73E-01
274,0.00E+00
275,1.01E+00
276,1.01E-01
277,0.00E+00
278,2.74E-01
279,1.73E-01
280,9.78E-01
281,2.20E+00
282,2.23E+00
283,2.30E+00
284,2.16E+00
285,2.22E+00
286,2.48E+00
287,2.58E+00
288,2.07E+00
289,2.43E+00
290,2.12E+00
291,1.79E+00
292,8.97E-01
293,9.33E-01
294,2.06E+00
295,1.98E+00
296,2.07E+00
297,2.40E+00
298,2.27E+00
299,2.04E+00
300,1.98E+00
301,2.48E+00
302,2.00E+00
303,1.72E+00
304,2.11E+00
305,2.46E+00
306,2.39E+00
307,2.50E+00
308,2.50E+00
309,2.35E+00
310,1.81E+00
311,2.37E+00
312,1.95E+00
313,2.27E+00
314,2.22E+00
315,2.24E+00
316,1.82E+00
317,2.03E+00
318,1.11E+00
319,1.39E+00
320,8.59E-01
321,2.12E+00
322,1.73E-01
323,2.20E+00
324,1.24E+00
325,5.79E-01
326,0.00E+00
327,1.37E+00
328,5.32E-01
329,1.21E+00
330,1.01E-01
331,1.73E-01
332,8.92E-01
333,1.65E+00
334,1.01E+00
335,8.17E-01
336,2.15E+00
337,8.25E-01
338,6.98E-01
339,1.30E+00
340,1.13E+00
341,1.01E-01
342,7.10E-01
343,7.10E-01
344,1.96E+00
345,1.18E+00
346,2.02E+00
347,1.12E+00
348,1.90E+00
349,2.04E+00
350,2.03E+00
351,1.96E+00
352,1.99E+00
353,2.24E+00
354,1.79E+00
355,1.66E+00
356,1.68E+00
357,1.92E+00
358,2.17E+00
359,1.76E+00
360,2.03E+00
361,2.00E+00
362,1.53E+00
363,1.69E+00
364,1.62E+00
365,2.03E+00
366,1.78E+00
367,9.27E-01
368,1.66E+00
369,1.67E+00
370,1.02E+00
371,1.63E+00
372,1.53E+00
373,1.83E+00
374,1.50E+00
375,1.31E+00
376,1.53E+00
377,1.73E+00
378,1.35E+00
379,1.73E+00
380,1.27E+00
381,2.87E-01
382,9.93E-01
383,1.24E+00
384,5.18E-01
385,1.37E+00
386,6.10E-01
387,1.16E+00
388,6.60E-01
389,7.77E-01
390,6.28E-01
391,1.18E+00
392,8.37E-01
393,8.88E-01
394,6.90E-01
395,6.79E-01
396,1.58E+00
397,0.00E+00
398,1.34E+00
399,0.00E+00
400,0.00E+00
401,0.00E+00
402,0.00E+00
403,0.00E+00
